{
  "getPlpDataArgs": {
    "maxSampleSize": null,
    "washoutPeriod": 0
  },
  "skeletonType": "PatientLevelPredictionStudy",
  "populationSettings": [{
    "minTimeAtRisk": 364,
    "requireTimeAtRisk": true,
    "addExposureDaysToStart": false,
    "riskWindowStart": 1,
    "washoutPeriod": 365,
    "attr_class": "populationSettings",
    "addExposureDaysToEnd": false,
    "includeAllOutcomes": true,
    "priorOutcomeLookback": 99999,
    "binary": true,
    "removeSubjectsWithPriorOutcome": true,
    "riskWindowEnd": 365,
    "firstExposureOnly": true
  }],
  "organizationName": "OHDSI",
  "targetIds": [3],
  "runPlpArgs": {
    "nfold": 3,
    "minCovariateFraction": 0.001,
    "splitSeed": null,
    "testSplit": "person",
    "testFraction": 0.25,
    "normalizeData": true
  },
  "description": null,
  "version": "v2.7.0",
  "outcomeIds": [4],
  "skeletonVersion": "v0.0.1",
  "createdDate": null,
  "conceptSetCrossReference": [],
  "createdBy": null,
  "cohortDefinitions": [
    {
      "expression": {
        "ExpressionLimit": {"Type": "First"},
        "CollapseSettings": {
          "CollapseType": "ERA",
          "EraPad": 0
        },
        "CensorWindow": {
          "StartDate": null,
          "EndDate": null
        },
        "ConceptSets": [{
          "expression": {"items": [
            {
              "isExcluded": false,
              "concept": {
                "INVALID_REASON_CAPTION": "Valid",
                "CONCEPT_ID": 252655,
                "STANDARD_CONCEPT": "S",
                "CONCEPT_CODE": "195886008",
                "VOCABULARY_ID": "SNOMED",
                "CONCEPT_NAME": "Group B streptococcal pneumonia",
                "DOMAIN_ID": "Condition",
                "STANDARD_CONCEPT_CAPTION": "Standard",
                "CONCEPT_CLASS_ID": "Clinical Finding",
                "INVALID_REASON": "V"
              },
              "includeMapped": true,
              "includeDescendants": true
            },
            {
              "isExcluded": false,
              "concept": {
                "INVALID_REASON_CAPTION": "Valid",
                "CONCEPT_ID": 4256236,
                "STANDARD_CONCEPT": "S",
                "CONCEPT_CODE": "409665004",
                "VOCABULARY_ID": "SNOMED",
                "CONCEPT_NAME": "Pneumonia due to aerobic bacteria",
                "DOMAIN_ID": "Condition",
                "STANDARD_CONCEPT_CAPTION": "Standard",
                "CONCEPT_CLASS_ID": "Clinical Finding",
                "INVALID_REASON": "V"
              },
              "includeMapped": true,
              "includeDescendants": true
            },
            {
              "isExcluded": false,
              "concept": {
                "INVALID_REASON_CAPTION": "Valid",
                "CONCEPT_ID": 258180,
                "STANDARD_CONCEPT": "S",
                "CONCEPT_CODE": "430395005",
                "VOCABULARY_ID": "SNOMED",
                "CONCEPT_NAME": "Pneumonia due to Gram negative bacteria",
                "DOMAIN_ID": "Condition",
                "STANDARD_CONCEPT_CAPTION": "Standard",
                "CONCEPT_CLASS_ID": "Clinical Finding",
                "INVALID_REASON": "V"
              },
              "includeMapped": true,
              "includeDescendants": true
            },
            {
              "isExcluded": true,
              "concept": {
                "INVALID_REASON_CAPTION": "Valid",
                "CONCEPT_ID": 259852,
                "STANDARD_CONCEPT": "S",
                "CONCEPT_CODE": "22754005",
                "VOCABULARY_ID": "SNOMED",
                "CONCEPT_NAME": "Staphylococcal pneumonia",
                "DOMAIN_ID": "Condition",
                "STANDARD_CONCEPT_CAPTION": "Standard",
                "CONCEPT_CLASS_ID": "Clinical Finding",
                "INVALID_REASON": "V"
              },
              "includeMapped": false,
              "includeDescendants": false
            }
          ]},
          "name": "Community-aquired pneumonia",
          "id": 0
        }],
        "cdmVersionRange": ">=5.0.0",
        "CensoringCriteria": [],
        "QualifiedLimit": {"Type": "First"},
        "InclusionRules": [],
        "PrimaryCriteria": {
          "CriteriaList": [{"ConditionOccurrence": {
            "OccurrenceEndDate": null,
            "CorrelatedCriteria": null,
            "ConditionTypeExclude": false,
            "CodesetId": 0,
            "ProviderSpecialty": null,
            "Gender": null,
            "VisitType": null,
            "First": null,
            "OccurrenceStartDate": null,
            "ConditionType": null,
            "ConditionSourceConcept": null,
            "StopReason": null,
            "Age": null
          }}],
          "PrimaryCriteriaLimit": {"Type": "All"},
          "ObservationWindow": {
            "PostDays": 0,
            "PriorDays": 0
          }
        }
      },
      "createdDate": "2019-04-03T11:10:36.399+0000",
      "createdBy": "pavel.grafkin@odysseusinc.com",
      "name": "Patients with pneumonia",
      "modifiedDate": null,
      "description": null,
      "expressionType": "SIMPLE_EXPRESSION",
      "modifiedBy": null,
      "id": 4
    },
    {
      "expression": {
        "ExpressionLimit": {"Type": "First"},
        "CollapseSettings": {
          "CollapseType": "ERA",
          "EraPad": 0
        },
        "CensorWindow": {
          "StartDate": null,
          "EndDate": null
        },
        "ConceptSets": [{
          "expression": {"items": [{
            "isExcluded": false,
            "concept": {
              "INVALID_REASON_CAPTION": "Valid",
              "CONCEPT_ID": 1322184,
              "STANDARD_CONCEPT": "S",
              "CONCEPT_CODE": "32968",
              "VOCABULARY_ID": "RxNorm",
              "CONCEPT_NAME": "clopidogrel",
              "DOMAIN_ID": "Drug",
              "STANDARD_CONCEPT_CAPTION": "Standard",
              "CONCEPT_CLASS_ID": "Ingredient",
              "INVALID_REASON": "V"
            },
            "includeMapped": false,
            "includeDescendants": true
          }]},
          "name": "clopidogrel",
          "id": 0
        }],
        "cdmVersionRange": ">=5.0.0",
        "CensoringCriteria": [],
        "QualifiedLimit": {"Type": "First"},
        "InclusionRules": [],
        "PrimaryCriteria": {
          "CriteriaList": [{"DrugExposure": {
            "OccurrenceEndDate": null,
            "CorrelatedCriteria": null,
            "DrugSourceConcept": null,
            "CodesetId": 0,
            "DrugTypeExclude": false,
            "Quantity": null,
            "DrugType": null,
            "ProviderSpecialty": null,
            "EffectiveDrugDose": null,
            "Gender": null,
            "DaysSupply": null,
            "DoseUnit": null,
            "VisitType": null,
            "Refills": null,
            "First": null,
            "OccurrenceStartDate": null,
            "RouteConcept": null,
            "StopReason": null,
            "LotNumber": null,
            "Age": null
          }}],
          "PrimaryCriteriaLimit": {"Type": "First"},
          "ObservationWindow": {
            "PostDays": 0,
            "PriorDays": 0
          }
        }
      },
      "createdDate": "2019-04-03T11:10:08.360+0000",
      "createdBy": "pavel.grafkin@odysseusinc.com",
      "name": "Clopidogrel",
      "modifiedDate": null,
      "description": null,
      "expressionType": "SIMPLE_EXPRESSION",
      "modifiedBy": null,
      "id": 3
    }
  ],
  "modelSettings": [{"LassoLogisticRegressionSettings": {
    "seed": null,
    "variance": 0.01
  }}],
  "name": "Clopidogrel leading to pneumonia",
  "modifiedDate": null,
  "covariateSettings": [{
    "VisitCountMediumTerm": false,
    "ObservationShortTerm": true,
    "shortTermStartDays": -30,
    "MeasurementRangeGroupShortTerm": false,
    "ConditionOccurrenceLongTerm": false,
    "DrugEraStartLongTerm": false,
    "VisitCountShortTerm": false,
    "Chads2Vasc": true,
    "ConditionGroupEraStartLongTerm": false,
    "ConditionEraShortTerm": false,
    "Dcsi": true,
    "DrugGroupEraLongTerm": true,
    "DrugGroupEraShortTerm": true,
    "ConditionEraStartLongTerm": false,
    "temporal": false,
    "DemographicsIndexMonth": true,
    "ConditionOccurrencePrimaryInpatientLongTerm": false,
    "ConditionEraAnyTimePrior": false,
    "addDescendantsToInclude": false,
    "ConditionGroupEraStartMediumTerm": false,
    "ProcedureOccurrenceLongTerm": true,
    "DrugExposureLongTerm": false,
    "DrugEraStartShortTerm": false,
    "DistinctIngredientCountMediumTerm": false,
    "DistinctMeasurementCountShortTerm": false,
    "MeasurementRangeGroupLongTerm": true,
    "ConditionGroupEraOverlapping": false,
    "attr_fun": "getDbDefaultCovariateData",
    "MeasurementRangeGroupMediumTerm": false,
    "DrugGroupEraStartMediumTerm": false,
    "MeasurementAnyTimePrior": false,
    "MeasurementMediumTerm": false,
    "includedCovariateIds": [],
    "ConditionOccurrenceAnyTimePrior": false,
    "DistinctConditionCountLongTerm": false,
    "MeasurementValueLongTerm": false,
    "DrugEraShortTerm": false,
    "DrugGroupEraAnyTimePrior": false,
    "DrugEraOverlapping": false,
    "ConditionOccurrencePrimaryInpatientAnyTimePrior": false,
    "ConditionEraMediumTerm": false,
    "ConditionEraOverlapping": false,
    "ConditionEraStartShortTerm": false,
    "ObservationAnyTimePrior": false,
    "VisitConceptCountShortTerm": false,
    "DemographicsEthnicity": true,
    "DistinctIngredientCountLongTerm": false,
    "ConditionOccurrencePrimaryInpatientShortTerm": false,
    "DemographicsAgeGroup": true,
    "DistinctProcedureCountShortTerm": false,
    "DistinctObservationCountMediumTerm": false,
    "includedCovariateConceptIds": [],
    "DrugGroupEraStartShortTerm": false,
    "addDescendantsToExclude": false,
    "DrugEraLongTerm": false,
    "DistinctConditionCountShortTerm": false,
    "ConditionGroupEraShortTerm": true,
    "ConditionEraStartMediumTerm": false,
    "VisitCountLongTerm": false,
    "DemographicsRace": true,
    "ProcedureOccurrenceAnyTimePrior": false,
    "DistinctObservationCountLongTerm": false,
    "attr_class": "covariateSettings",
    "ProcedureOccurrenceMediumTerm": false,
    "CharlsonIndex": true,
    "DemographicsPriorObservationTime": false,
    "MeasurementShortTerm": true,
    "DistinctProcedureCountMediumTerm": false,
    "ConditionEraLongTerm": false,
    "DrugGroupEraStartLongTerm": false,
    "DemographicsGender": true,
    "DeviceExposureAnyTimePrior": false,
    "ObservationLongTerm": true,
    "DemographicsIndexYearMonth": false,
    "ConditionOccurrenceMediumTerm": false,
    "longTermStartDays": -365,
    "DemographicsAge": false,
    "DrugGroupEraOverlapping": true,
    "DistinctMeasurementCountLongTerm": false,
    "MeasurementRangeGroupAnyTimePrior": false,
    "DistinctConditionCountMediumTerm": false,
    "DrugGroupEraMediumTerm": false,
    "ProcedureOccurrenceShortTerm": true,
    "ObservationMediumTerm": false,
    "ConditionGroupEraAnyTimePrior": false,
    "Chads2": true,
    "DrugExposureAnyTimePrior": false,
    "DeviceExposureLongTerm": true,
    "DemographicsTimeInCohort": false,
    "DistinctMeasurementCountMediumTerm": false,
    "MeasurementValueShortTerm": false,
    "DeviceExposureMediumTerm": false,
    "ConditionGroupEraStartShortTerm": false,
    "ConditionOccurrencePrimaryInpatientMediumTerm": false,
    "MeasurementLongTerm": true,
    "DemographicsIndexYear": false,
    "MeasurementValueMediumTerm": false,
    "DrugEraStartMediumTerm": false,
    "MeasurementValueAnyTimePrior": false,
    "DistinctObservationCountShortTerm": false,
    "DrugEraMediumTerm": false,
    "ConditionGroupEraLongTerm": true,
    "DrugExposureShortTerm": false,
    "DistinctIngredientCountShortTerm": false,
    "DeviceExposureShortTerm": true,
    "mediumTermStartDays": -180,
    "DemographicsPostObservationTime": false,
    "VisitConceptCountLongTerm": false,
    "VisitConceptCountMediumTerm": false,
    "excludedCovariateConceptIds": [],
    "ConditionGroupEraMediumTerm": false,
    "DrugExposureMediumTerm": false,
    "DistinctProcedureCountLongTerm": false,
    "DrugEraAnyTimePrior": false,
    "endDays": 0,
    "ConditionOccurrenceShortTerm": false
  }],
  "modifiedBy": null,
  "conceptSets": [],
  "id": 1,
  "packageName": "predictionTest"
}